{
  "project_info": {
    "project_number": "929450564575",
    "firebase_url": "https://common-shopping-list.firebaseio.com",
    "project_id": "common-shopping-list",
    "storage_bucket": "common-shopping-list.appspot.com"
  },
  "client": [
    {
      "client_info": {
        "mobilesdk_app_id": "1:929450564575:android:50e67e5b9c9156a2dec26a",
        "android_client_info": {
          "package_name": "pro.kulebyakin.commonshoppinglist"
        }
      },
      "oauth_client": [
        {
          "client_id": "929450564575-28leepdj5shl24k7g2tmvtrgn0dt72ci.apps.googleusercontent.com",
          "client_type": 1,
          "android_info": {
            "package_name": "pro.kulebyakin.commonshoppinglist",
            "certificate_hash": "17d9db097e1feff6c4258b479deba28d5fde5ca1"
          }
        },
        {
          "client_id": "929450564575-6jgfj5djp25t7qg3i9q40ctnt4mqrjfl.apps.googleusercontent.com",
          "client_type": 3
        }
      ],
      "api_key": [
        {
          "current_key": "AIzaSyBMv-jOhk_OzycT2QoPAIqb-z38bMdk7HI"
        }
      ],
      "services": {
        "appinvite_service": {
          "other_platform_oauth_client": [
            {
              "client_id": "929450564575-6jgfj5djp25t7qg3i9q40ctnt4mqrjfl.apps.googleusercontent.com",
              "client_type": 3
            }
          ]
        }
      }
    }
  ],
  "configuration_version": "1"
}